Num Agents,Obstacles,Tiles Expanded,Time Taken
4,0,131.4,0.175279
6,0,298.8,0.209777
8,0,460.4,0.382032
10,0,2704.6,1.16519
12,0,6231.2,3.07952
14,0,39535.8,27.5296
16,0,44130,35.4545
